{"last": [0.04388684406876564], "conv1": [[[[0.0136997289955616, -0.16348183155059814, 0.21618705987930298, 0.06867607682943344, -0.04362868517637253, 0.23494848608970642, -0.29035812616348267, 0.5601704716682434, 0.25393229722976685, -0.3354980945587158, 0.11346662044525146, -0.03844236582517624, -0.3316681385040283, -0.08489961177110672, -0.11105204373598099, 0.13204137980937958, 0.24484767019748688, 0.1721491664648056, 0.030381888151168823, 0.022239111363887787, -0.29183506965637207, -0.08155351877212524, 0.01768927276134491, -0.016398213803768158, -0.08690977096557617, -0.07862559705972672, 0.13746285438537598, -0.10825706273317337, 0.01721581630408764, 0.08475188910961151, 0.2585534453392029, 0.1835043728351593]], [[-0.12449367344379425, -0.06021805480122566, 0.027757085859775543, 0.09981834888458252, -0.0595705509185791, 0.06089689955115318, -0.0011232608230784535, -0.002547894138842821, -0.006768171209841967, -0.019552337005734444, -0.0037235072813928127, 0.0027786465361714363, 0.02178431674838066, -0.025372039526700974, -0.0026875727344304323, 0.017308983951807022, 0.05019190534949303, -0.07688687741756439, 0.0020360304042696953, 0.06226247549057007, 0.0009036950068548322, 0.015642628073692322, 0.018086032941937447, -0.0897081270813942, -0.01600247249007225, 0.06507361680269241, 0.03841444104909897, 0.054284777492284775, 0.026954878121614456, -0.02858816273510456, 0.01214105635881424, 0.05798782780766487]], [[-0.04206887260079384, 0.15069568157196045, 0.1407817304134369, 0.24152497947216034, 0.3375345468521118, 0.31238415837287903, -0.3846277892589569, -0.19452647864818573, -0.17338842153549194, -0.3002718389034271, 0.25537481904029846, 0.26683130860328674, -0.29973894357681274, -0.31169530749320984, -0.4466996192932129, 0.29872581362724304, -0.1725231558084488, 0.15701307356357574, 0.17906832695007324, -0.08262664079666138, -0.18506622314453125, -0.29759636521339417, -0.1869708150625229, 0.22425822913646698, 0.1999986320734024, -0.16692230105400085, 0.4797343909740448, 0.11260589212179184, 0.008920712396502495, 0.3964167535305023, 0.19623078405857086, 0.27385833859443665]], [[0.03136288374662399, -0.11476629972457886, -0.06700970977544785, 0.013136140070855618, -0.004905244335532188, 0.005868349689990282, -0.024014070630073547, -0.026859313249588013, -0.0077953943982720375, -0.029376359656453133, -0.005265270359814167, -0.003692690748721361, -0.02748039923608303, 0.020376816391944885, -0.0005021826364099979, 0.052082836627960205, 0.07403194904327393, 0.12421955913305283, -0.10542746633291245, -0.1254136711359024, 0.010428532026708126, -0.0033193340059369802, 0.005331616383045912, 0.011056128889322281, 0.042538270354270935, -0.0024834587238729, -0.06296317279338837, -0.1293584257364273, 0.13914842903614044, 0.09895911812782288, 0.0035719885490834713, -0.10524073243141174]], [[0.07354568690061569, 0.1265411674976349, 0.24507011473178864, -0.09564058482646942, 0.07527713477611542, -0.019570117816329002, -0.37031590938568115, -0.37707918882369995, -0.24916478991508484, -0.3961893618106842, 0.2375977337360382, 0.24433718621730804, -0.3153684735298157, -0.3455759286880493, -0.34217700362205505, 0.26113978028297424, -0.11476542800664902, 0.2831578850746155, 0.037320397794246674, -0.02024182118475437, 0.39174410700798035, -0.2780320644378662, -0.1276114135980606, 0.2762868106365204, 0.036721985787153244, 0.2852783799171448, 0.3139769434928894, -0.06916982680559158, -0.07392282783985138, 0.3419113755226135, 0.09511756151914597, 0.1968572586774826]], [[-0.12425632774829865, 0.0013982506934553385, -0.048180337995290756, -0.06427102535963058, 0.05373864620923996, -0.040415845811367035, -0.0015725989360362291, 0.03677213937044144, -0.04455525055527687, -0.028817813843488693, 0.003200977575033903, 0.006585270632058382, 0.009306784719228745, 0.002167517552152276, -0.01481684297323227, -0.06572382897138596, -0.03259905055165291, -0.08650891482830048, -0.017346249893307686, -0.07671675086021423, -0.03943723812699318, -0.03643393889069557, 0.10496510565280914, 0.09684782475233078, 0.11201062798500061, -0.0576106458902359, 0.04525630921125412, 0.05119825154542923, -0.0034067679662257433, 0.0042834095656871796, -0.0018321742536500096, -0.025883231312036514]], [[-0.047071970999240875, 0.04050677642226219, 0.27855178713798523, -0.07849560678005219, -0.06688004732131958, 0.10516680777072906, -0.22841577231884003, -0.20637543499469757, -0.2592824101448059, -0.31279316544532776, -0.15625455975532532, -0.012368128634989262, -0.15324564278125763, -0.24417941272258759, -0.3831653892993927, 0.05267181620001793, 0.08023536205291748, 0.10807479172945023, 0.10271689295768738, 0.21311968564987183, 0.1534859538078308, -0.3294546604156494, -0.0947272926568985, 0.04329143464565277, -0.14010046422481537, 0.014545291662216187, 0.044944897294044495, 0.0478229895234108, 0.12449681758880615, -0.1107158288359642, -0.10125695168972015, 0.013691168278455734]], [[0.00012703896209131926, -0.006032806355506182, 0.0674901232123375, 0.02592703327536583, 0.02314610220491886, -0.05053636059165001, -0.0021278103813529015, -0.012953155674040318, 0.06890978664159775, -0.0110067930072546, 0.005771812051534653, -0.0016597085632383823, -0.009438409470021725, 0.0007042647339403629, 0.006727269850671291, -0.013071579858660698, 0.06667036563158035, 0.005541154183447361, 0.07469794899225235, 0.11259660124778748, -0.020519370213150978, 0.029568271711468697, -0.1060153916478157, 0.014766550622880459, 0.06072573363780975, -0.01462567038834095, 0.014987021684646606, -0.02738598734140396, -0.14494462311267853, -0.008216972462832928, -0.0040137809701263905, 0.03218160569667816]]]]}